[
  {
    "北京": 0,
    "上海": 1,
    "天津": 2,
    "重庆": 3,
    "石家庄": 4,
    "太原": 5,
    "沈阳": 6,
    "长春": 7,
    "哈尔滨": 8,
    "南京": 9,
    "杭州": 10,
    "合肥": 11,
    "福州": 12,
    "南昌": 13,
    "济南": 14,
    "郑州": 15,
    "广州": 16,
    "长沙": 17,
    "武汉": 18,
    "海口": 19,
    "成都": 20,
    "贵阳": 21,
    "昆明": 22,
    "西安": 23,
    "兰州": 24,
    "西宁": 25,
    "呼和浩特": 26,
    "南宁": 27,
    "拉萨": 28,
    "银川": 29,
    "乌鲁木齐": 30
  }
]